model,linear_projection,nonlinear_projection
Euler equation,0.6063282778293833,51.24606820985398
Keynesian consumption,0.87852204951723,37.107477628007665
Permanent income,0.8831064856174379,91.53126834951719
Forward-looking Taylor rule,0.9010111993519891,7.370489394922497
Intratemporal substitution,0.6440071437294018,-3331.3792994482865
